{"count":1,"self":9.2122064,"total":9.240309,"children":{"InitializeActuators":{"count":1,"self":0.0023049999999999998,"total":0.0023049999999999998,"children":null},"InitializeSensors":{"count":1,"self":0.0031349999999999998,"total":0.0031349999999999998,"children":null},"AgentSendState":{"count":407,"self":0.0106,"total":0.016149999999999998,"children":{"CollectObservations":{"count":82,"self":0.001081,"total":0.001081,"children":null},"WriteActionMask":{"count":82,"self":0.000473,"total":0.000473,"children":null},"RequestDecision":{"count":82,"self":0.0029709999999999997,"total":0.0039959999999999996,"children":{"RayPerceptionSensor.Perceive":{"count":164,"self":0.0010249999999999999,"total":0.0010249999999999999,"children":null}}}}},"DecideAction":{"count":407,"self":0.0036509999999999997,"total":0.0036509999999999997,"children":null},"AgentAct":{"count":407,"self":0.001941,"total":0.001941,"children":null}},"gauges":{},"metadata":{"timer_format_version":"0.1.0","start_time_seconds":"1687278607","unity_version":"2022.2.12f1","command_line_arguments":"\/home\/florentin\/Unity\/Hub\/Editor\/2022.2.12f1\/Editor\/Unity -projectpath \/home\/florentin\/projects\/unity\/unity-ml-platformer -useHub -hubIPC -cloudEnvironment production","communication_protocol_version":"1.5.0","com.unity.ml-agents_version":"2.3.0-exp.3","scene_name":"Demo","end_time_seconds":"1687278616"}}