{"count":1,"self":365.9472896,"total":1911.5640766,"children":{"InitializeActuators":{"count":16,"self":0.0020139999999999997,"total":0.0020139999999999997,"children":null},"InitializeSensors":{"count":16,"self":0.0015026999999999998,"total":0.0015026999999999998,"children":null},"AgentSendState":{"count":628351,"self":51.915254399999995,"total":78.72408639999999,"children":{"CollectObservations":{"count":2010736,"self":0.9089358,"total":0.9089358,"children":null},"WriteActionMask":{"count":2010736,"self":0.8578814,"total":0.8578814,"children":null},"RequestDecision":{"count":2010736,"self":3.4708816,"total":25.0420151,"children":{"AgentInfo.ToProto":{"count":2010736,"self":2.9476763999999998,"total":21.5711336,"children":{"GenerateSensorData":{"count":2010736,"self":12.3655376,"total":18.6234573,"children":{"RayPerceptionSensor.Perceive":{"count":4021472,"self":6.2579196,"total":6.2579195,"children":null}}}}}}}}},"DecideAction":{"count":628351,"self":1461.9282432,"total":1461.9282389999998,"children":null},"AgentAct":{"count":628351,"self":4.7006663999999994,"total":4.7378735999999995,"children":{"AgentInfo.ToProto":{"count":1401,"self":0.0040254,"total":0.0372074,"children":{"GenerateSensorData":{"count":1401,"self":0.0229883,"total":0.033181999999999996,"children":{"RayPerceptionSensor.Perceive":{"count":2802,"self":0.0101937,"total":0.0101937,"children":null}}}}}}},"AgentInfo.ToProto":{"count":10941,"self":0.046693,"total":0.22307149999999998,"children":{"GenerateSensorData":{"count":10941,"self":0.1152893,"total":0.1763785,"children":{"RayPerceptionSensor.Perceive":{"count":21882,"self":0.061089199999999996,"total":0.061089199999999996,"children":null}}}}}},"gauges":{"SimpleCollector.CumulativeReward":{"count":12342,"max":48,"min":0,"runningAverage":5.810567,"value":10,"weightedAverage":18.39581}},"metadata":{"timer_format_version":"0.1.0","start_time_seconds":"1671480137","unity_version":"2022.1.14f1","command_line_arguments":"C:\\Program Files\\Unity\\Hub\\Editor\\2022.1.14f1\\Editor\\Unity.exe -projectpath C:\\projects\\unity\\ml-platformer -useHub -hubIPC -cloudEnvironment production -licensingIpc LicenseClient-flore -hubSessionId a23f5720-7ed4-11ed-b744-f549104ae23e","communication_protocol_version":"1.5.0","com.unity.ml-agents_version":"2.0.1","scene_name":"PlatformsInTheAir","end_time_seconds":"1671482049"}}