{"count":1,"self":54.938976,"total":56.132087999999996,"children":{"InitializeActuators":{"count":16,"self":0.0010069999999999999,"total":0.0010069999999999999,"children":null},"InitializeSensors":{"count":16,"self":0.0015115999999999999,"total":0.0015115999999999999,"children":null},"AgentSendState":{"count":2550,"self":0.23198259999999998,"total":0.2644707,"children":{"CollectObservations":{"count":8160,"self":0.0011702,"total":0.0011702,"children":null},"WriteActionMask":{"count":8160,"self":0.0059740999999999995,"total":0.0059740999999999995,"children":null},"RequestDecision":{"count":8160,"self":0.013203999999999999,"total":0.0253438,"children":{"RayPerceptionSensor.Perceive":{"count":15300,"self":0.0121398,"total":0.0121398,"children":null}}}}},"DecideAction":{"count":2550,"self":0.8063977,"total":0.896351,"children":{"RayPerceptionSensor.Perceive":{"count":1020,"self":0.0899533,"total":0.0899533,"children":null}}},"AgentAct":{"count":2550,"self":0.029268299999999997,"total":0.029268299999999997,"children":null}},"gauges":{},"metadata":{"timer_format_version":"0.1.0","start_time_seconds":"1671631068","unity_version":"2022.1.14f1","command_line_arguments":"C:\\Program Files\\Unity\\Hub\\Editor\\2022.1.14f1\\Editor\\Unity.exe -projectpath C:\\projects\\unity\\ml-platformer -useHub -hubIPC -cloudEnvironment production -licensingIpc LicenseClient-flore -hubSessionId a23f5720-7ed4-11ed-b744-f549104ae23e","communication_protocol_version":"1.5.0","com.unity.ml-agents_version":"2.0.1","scene_name":"PlatformsInTheAir","end_time_seconds":"1671631124"}}