{"count":1,"self":1156.914176,"total":4289.8466554,"children":{"InitializeActuators":{"count":16,"self":0.0015393,"total":0.0015393,"children":null},"InitializeSensors":{"count":16,"self":0.0015049999999999998,"total":0.0015049999999999998,"children":null},"AgentSendState":{"count":1171117,"self":100.91102719999999,"total":154.2745243,"children":{"CollectObservations":{"count":3747584,"self":1.6458365,"total":1.6458365,"children":null},"WriteActionMask":{"count":3747584,"self":1.7334356,"total":1.7334355,"children":null},"RequestDecision":{"count":3747584,"self":6.6966072,"total":49.9842227,"children":{"AgentInfo.ToProto":{"count":3747584,"self":5.5972824,"total":43.2876154,"children":{"GenerateSensorData":{"count":3747584,"self":25.3515344,"total":37.6903328,"children":{"RayPerceptionSensor.Perceive":{"count":7495168,"self":12.338799199999999,"total":12.338799,"children":null}}}}}}}}},"DecideAction":{"count":1171117,"self":2968.1371136,"total":2968.1371122,"children":null},"AgentAct":{"count":1171117,"self":9.639805599999999,"total":9.7052091,"children":{"AgentInfo.ToProto":{"count":2683,"self":0.0124576,"total":0.0654035,"children":{"GenerateSensorData":{"count":2683,"self":0.0381406,"total":0.0529459,"children":{"RayPerceptionSensor.Perceive":{"count":5366,"self":0.014805299999999999,"total":0.014805299999999999,"children":null}}}}}}},"AgentInfo.ToProto":{"count":38551,"self":0.1960365,"total":0.8125422,"children":{"GenerateSensorData":{"count":38551,"self":0.45178749999999995,"total":0.61650569999999993,"children":{"RayPerceptionSensor.Perceive":{"count":77102,"self":0.16471819999999998,"total":0.16471819999999998,"children":null}}}}}},"gauges":{"SimpleCollector.CumulativeReward":{"count":41234,"max":47,"min":0,"runningAverage":2.81782579,"value":36,"weightedAverage":33.39382}},"metadata":{"timer_format_version":"0.1.0","start_time_seconds":"1675516513","unity_version":"2022.1.14f1","command_line_arguments":"C:\\Program Files\\Unity\\Hub\\Editor\\2022.1.14f1\\Editor\\Unity.exe -projectpath C:\\projects\\unity\\ml-platformer -useHub -hubIPC -cloudEnvironment production -licensingIpc LicenseClient-flore -hubSessionId 3e5cff80-a0aa-11ed-8305-edffa6379aa8","communication_protocol_version":"1.5.0","com.unity.ml-agents_version":"2.0.1","scene_name":"PlatformsInTheAirBatchEnvs","end_time_seconds":"1675520802"}}